s,g,sn|Homo_sapiens_1|taxid|9606|geneid|4864|gi|255652944
s,g,sn|Homo_sapiens_1|taxid|9606|geneid|4864|gi|530413814
s,g,sn|Homo_sapiens_1|taxid|9606|geneid|4864|gi|530413812
s,g,sn|Homo_sapiens_1|taxid|9606|geneid|4864|gi|530413816
s,g,sn|Homo_sapiens_1|taxid|9606|geneid|4864|gi|578832534
s,g,sn|Gorilla_gorilla_gorilla_1|taxid|9595|geneid|101130124|gi|426385587
s,g,sn|Pan_paniscus_1|taxid|9597|geneid|100979688|gi|397520466
s,g,sn|Pan_paniscus_1|taxid|9597|geneid|100979688|gi|675794690
s,g,sn|Pan_paniscus_1|taxid|9597|geneid|100979688|gi|675794693
s,g,sn|Pan_troglodytes_1|taxid|9598|geneid|455338|gi|114672573
s,g,sn|Pan_troglodytes_1|taxid|9598|geneid|455338|gi|694970898
s,g,sn|Pan_troglodytes_1|taxid|9598|geneid|455338|gi|694970901
s,g,sn|Pongo_abelii_1|taxid|9601|geneid|100441015|gi|686755584
s,g,sn|Nomascus_leucogenys_1|taxid|61853|geneid|100583917|gi|441603593
s,g,sn|Chlorocebus_sabaeus_1|taxid|60711|geneid|103222848|gi|635100320
s,g,sn|Macaca_fascicularis_1|taxid|9541|geneid|102123618|gi|544506645
s,g,sn|Macaca_fascicularis_1|taxid|9541|geneid|102123618|gi|544506647
s,g,sn|Macaca_fascicularis_1|taxid|9541|geneid|102123618|gi|544506649
s,g,sn|Macaca_mulatta_1|taxid|9544|geneid|700835|gi|297275084
s,g,sn|Papio_anubis_1|taxid|9555|geneid|101004777|gi|402902800
s,g,sn|Papio_anubis_1|taxid|9555|geneid|101004777|gi|685603448
s,g,sn|Papio_anubis_1|taxid|9555|geneid|101004777|gi|685603451
s,g,sn|Rhinopithecus_roxellana_1|taxid|61622|geneid|104678048|gi|724922772
s,g,sn|Callithrix_jacchus_1|taxid|9483|geneid|100401048|gi|675716068
s,g,sn|Saimiri_boliviensis_boliviensis_1|taxid|39432|geneid|101045757|gi|725560437
s,g,sn|Saimiri_boliviensis_boliviensis_1|taxid|39432|geneid|101045757|gi|725560439
s,g,sn|Tarsius_syrichta_1|taxid|9478|geneid|103263102|gi|640805095
s,g,sn|Galeopterus_variegatus_1|taxid|482537|geneid|103609164|gi|667331865
s,g,sn|Ochotona_princeps_1|taxid|9978|geneid|101528617|gi|504134242
s,g,sn|Oryctolagus_cuniculus_1|taxid|9986|geneid|100008746|gi|126723431
s,g,sn|Oryctolagus_cuniculus_1|taxid|9986|geneid|100008746|gi|655835600
s,g,sn|Oryctolagus_cuniculus_1|taxid|9986|geneid|100008746|gi|655835598
s,g,sn|Otolemur_garnettii_1|taxid|30611|geneid|100962646|gi|395823211
s,g,sn|Tupaia_chinensis_1|taxid|246437|geneid|102501315|gi|562858523
s,g,sn|Cavia_porcellus_1|taxid|10141|geneid|100718604|gi|514469251
s,g,sn|Chinchilla_lanigera_1|taxid|34839|geneid|102006185|gi|533114158
s,g,sn|Octodon_degus_1|taxid|10160|geneid|101590351|gi|507662788
s,b,sn|Fukomys_damarensis_1|taxid|885580|geneid|104872472|gi|731248074
s,b,sn|Fukomys_damarensis_2|taxid|885580|geneid|104872503|gi|731248126
s,g,sn|Heterocephalus_glaber_1|taxid|10181|geneid|101710344|gi|512903557
s,g,sn|Heterocephalus_glaber_1|taxid|10181|geneid|101710344|gi|512982438
s,g,sn|Cricetulus_griseus_1|taxid|10029|geneid|100689424|gi|350539673
s,g,sn|Mesocricetus_auratus_1|taxid|10036|geneid|101839696|gi|524922048
s,g,sn|Microtus_ochrogaster_1|taxid|79684|geneid|101982021|gi|532025622
s,g,sn|Peromyscus_maniculatus_bairdii_1|taxid|230844|geneid|102927665|gi|589953788
s,g,sn|Mus_musculus_1|taxid|10090|geneid|18145|gi|569003415
s,g,sn|Mus_musculus_1|taxid|10090|geneid|18145|gi|89242146
s,g,sn|Rattus_norvegicus_1|taxid|10116|geneid|266732|gi|311771778
s,g,sn|Rattus_norvegicus_1|taxid|10116|geneid|266732|gi|564392608
s,g,sn|Nannospalax_galili_1|taxid|1026970|geneid|103745675|gi|674076888
s,r,sn|Nannospalax_galili_2|taxid|1026970|geneid|103728427|gi|674106764
s,g,sn|Jaculus_jaculus_1|taxid|51337|geneid|101617785|gi|507541790
s,g,sn|Ictidomys_tridecemlineatus_1|taxid|43179|geneid|101963338|gi|532086757
s,g,sn|Ailuropoda_melanoleuca_1|taxid|9646|geneid|100479962|gi|301753717
s,g,sn|Ursus_maritimus_1|taxid|29073|geneid|103664820|gi|670978604
s,g,sn|Mustela_putorius_furo_1|taxid|9669|geneid|101678809|gi|511836628
s,g,sn|Mustela_putorius_furo_1|taxid|9669|geneid|101678809|gi|511836630
s,g,sn|Mustela_putorius_furo_1|taxid|9669|geneid|101678809|gi|511944669
s,g,sn|Leptonychotes_weddellii_1|taxid|9713|geneid|102734780|gi|585165128
s,g,sn|Odobenus_rosmarus_divergens_1|taxid|9708|geneid|101383529|gi|472388910
s,g,sn|Canis_lupus_familiaris_1|taxid|9615|geneid|403698|gi|50978806
s,g,sn|Felis_catus_1|taxid|9685|geneid|493693|gi|57863766
s,g,sn|Panthera_tigris_altaica_1|taxid|74533|geneid|102965157|gi|591298004
s,g,sn|Balaenoptera_acutorostrata_scammoni_1|taxid|310752|geneid|103006970|gi|594626100
s,g,sn|Lipotes_vexillifer_1|taxid|118797|geneid|103085029|gi|602726445
s,g,sn|Orcinus_orca_1|taxid|9733|geneid|101275446|gi|466028633
s,g,sn|Tursiops_truncatus_1|taxid|9739|geneid|101337473|gi|470603329
s,g,sn|Physeter_catodon_1|taxid|9755|geneid|102981101|gi|593743741
s,g,sn|Physeter_catodon_1|taxid|9755|geneid|102981101|gi|593743743
s,g,sn|Bos_mutus_1|taxid|72004|geneid|102281634|gi|555973883
s,g,sn|Bos_mutus_1|taxid|72004|geneid|102281634|gi|555973885
s,g,sn|Bos_taurus_1|taxid|9913|geneid|286772|gi|529004873
s,g,sn|Bos_taurus_1|taxid|9913|geneid|286772|gi|27807461
s,g,sn|Bubalus_bubalis_1|taxid|89462|geneid|102392857|gi|594112943
s,r,sn|Capra_hircus_2|taxid|9925|geneid|102188400|gi|548535584
s,r,sn|Capra_hircus_3|taxid|9925|geneid|102186587|gi|548535685
s,g,sn|Capra_hircus_1|taxid|9925|geneid|102182125|gi|548535939
s,b,sn|Pantholops_hodgsonii_2|taxid|59538|geneid|102327023|gi|556739244
s,b,sn|Pantholops_hodgsonii_1|taxid|59538|geneid|102329867|gi|556736311
s,r,sn|Capra_hircus_5|taxid|9925|geneid|102189033|gi|548535980
s,r,sn|Pantholops_hodgsonii_4|taxid|59538|geneid|102329138|gi|556736308
s,r,sn|Ovis_aries_2|taxid|9940|geneid|101120716|gi|426253991
s,g,sn|Ovis_aries_1|taxid|9940|geneid|101120623|gi|426253685
s,b,sn|Sus_scrofa_1|taxid|9823|geneid|102166983|gi|545835287
s,b,sn|Sus_scrofa_2|taxid|9823|geneid|397591|gi|47523702
s,g,sn|Camelus_ferus_1|taxid|419612|geneid|102506664|gi|560925259
s,g,sn|Camelus_ferus_1|taxid|419612|geneid|102506664|gi|560925261
s,g,sn|Vicugna_pacos_1|taxid|30538|geneid|102535583|gi|560965543
s,g,sn|Ceratotherium_simum_simum_1|taxid|73337|geneid|101388987|gi|478493496
s,g,sn|Equus_caballus_1|taxid|9796|geneid|100059175|gi|545224666
s,g,sn|Equus_caballus_1|taxid|9796|geneid|100059175|gi|545224668
s,g,sn|Equus_przewalskii_1|taxid|9798|geneid|103561501|gi|664753790
s,g,sn|Eptesicus_fuscus_1|taxid|29078|geneid|103292198|gi|641714535
s,g,sn|Myotis_brandtii_1|taxid|109478|geneid|102243381|gi|554562240
s,g,sn|Myotis_davidii_1|taxid|225400|geneid|102773675|gi|584058837
s,g,sn|Myotis_lucifugus_1|taxid|59463|geneid|102434673|gi|558196546
s,g,sn|Pteropus_alecto_1|taxid|9402|geneid|102897473|gi|586530356
s,g,sn|Pteropus_alecto_1|taxid|9402|geneid|102897473|gi|586530358
s,g,sn|Condylura_cristata_1|taxid|143302|geneid|101621183|gi|507951274
s,g,sn|Condylura_cristata_1|taxid|143302|geneid|101621183|gi|507951277
s,g,sn|Sorex_araneus_1|taxid|42254|geneid|101543472|gi|505792088
s,g,sn|Erinaceus_europaeus_1|taxid|9365|geneid|103118038|gi|617624928
s,g,sn|Chrysochloris_asiatica_1|taxid|185453|geneid|102834888|gi|586452526
s,g,sn|Echinops_telfairi_1|taxid|9371|geneid|101655971|gi|507647475
s,g,sn|Orycteropus_afer_afer_1|taxid|1230840|geneid|103192583|gi|634833485
s,g,sn|Elephantulus_edwardii_1|taxid|28737|geneid|102871767|gi|585722429
s,g,sn|Loxodonta_africana_1|taxid|9785|geneid|100662087|gi|731460423
s,g,sn|Loxodonta_africana_1|taxid|9785|geneid|100662087|gi|731460426
s,g,sn|Trichechus_manatus_latirostris_1|taxid|127582|geneid|101359409|gi|471412891
s,g,sn|Dasypus_novemcinctus_1|taxid|9361|geneid|101431853|gi|488547339
s,g,sn|Monodelphis_domestica_1|taxid|13616|geneid|100011777|gi|612007251
s,g,sn|Sarcophilus_harrisii_1|taxid|9305|geneid|100934668|gi|395511619
s,g,sn|Ornithorhynchus_anatinus_1|taxid|9258|geneid|100092266|gi|620971518
s,g,sn|Acanthisitta_chloris_1|taxid|57068|geneid|103806045|gi|677997770
s,g,sn|Corvus_brachyrhynchos_1|taxid|85066|geneid|103618440|gi|669284767
s,g,sn|Corvus_cornix_cornix_1|taxid|932674|geneid|104687362|gi|727009714
s,g,sn|Ficedula_albicollis_1|taxid|59894|geneid|101816165|gi|524988106
s,g,sn|Ficedula_albicollis_1|taxid|59894|geneid|101816165|gi|524988108
s,g,sn|Geospiza_fortis_1|taxid|48883|geneid|102038883|gi|543252511
s,g,sn|Zonotrichia_albicollis_1|taxid|44394|geneid|102062961|gi|542164272
s,g,sn|Serinus_canaria_1|taxid|9135|geneid|103827066|gi|683888932
s,g,sn|Taeniopygia_guttata_1|taxid|59729|geneid|100230708|gi|224046161
s,g,sn|Pseudopodoces_humilis_1|taxid|181119|geneid|102099252|gi|543341578
s,g,sn|Manacus_vitellinus_1|taxid|328815|geneid|103761758|gi|675425698
s,g,sn|Melopsittacus_undulatus_1|taxid|13146|geneid|101878702|gi|527271388
s,g,sn|Nestor_notabilis_1|taxid|176057|geneid|104399516|gi|701297990
s,g,sn|Apaloderma_vittatum_1|taxid|57397|geneid|104278272|gi|699610688
s,g,sn|Aptenodytes_forsteri_1|taxid|9233|geneid|103904261|gi|686614255
s,g,sn|Pygoscelis_adeliae_1|taxid|9238|geneid|103923211|gi|690461645
s,r,sn|Caprimulgus_carolinensis_2|taxid|279965|geneid|104529290|gi|704330087
s,g,sn|Pelecanus_crispus_1|taxid|36300|geneid|104031982|gi|694651712
s,g,sn|Phaethon_lepturus_1|taxid|97097|geneid|104628137|gi|723125248
s,g,sn|Egretta_garzetta_1|taxid|188379|geneid|104134154|gi|697851252
s,g,sn|Gavia_stellata_2|taxid|37040|geneid|104250495|gi|698405638
s,g,sn|Phalacrocorax_carbo_1|taxid|9209|geneid|104052133|gi|695166227
s,g,sn|Fulmarus_glacialis_1|taxid|30455|geneid|104074245|gi|697022024
s,g,sn|Charadrius_vociferus_1|taxid|50402|geneid|104287922|gi|699672389
s,g,sn|Chlamydotis_undulata_macqueenii_1|taxid|187382|geneid|104485460|gi|705701673
s,g,sn|Balearica_pavonina_gibbericeps_1|taxid|100784|geneid|104632886|gi|723548177
s,g,sn|Nipponia_nippon_1|taxid|128390|geneid|104018153|gi|694855952
s,g,sn|Buceros_rhinoceros_silvestris_1|taxid|175836|geneid|104489609|gi|704166323
s,g,sn|Opisthocomus_hoazin_1|taxid|30419|geneid|104330690|gi|700388092
s,g,sn|Falco_cherrug_1|taxid|345164|geneid|102058815|gi|541956243
s,g,sn|Falco_peregrinus_1|taxid|8954|geneid|101915707|gi|529447306
s,g,sn|Leptosomus_discolor_1|taxid|188344|geneid|104354642|gi|700411654
s,g,sn|Caprimulgus_carolinensis_1|taxid|279965|geneid|104520974|gi|704295373
s,g,sn|Chaetura_pelagica_1|taxid|8897|geneid|104396999|gi|701434860
s,g,sn|Columba_livia_1|taxid|8932|geneid|102095990|gi|543714288
s,b,sn|Calypte_anna_1|taxid|9244|geneid|103537858|gi|663293160
s,b,sn|Calypte_anna_2|taxid|9244|geneid|103531895|gi|663273713
s,g,sn|Eurypyga_helias_1|taxid|54383|geneid|104502833|gi|704231290
s,g,sn|Mesitornis_unicolor_1|taxid|54374|geneid|104543556|gi|704574467
s,g,sn|Pterocles_gutturalis_1|taxid|240206|geneid|104472207|gi|704467795
s,g,sn|Cuculus_canorus_1|taxid|55661|geneid|104061334|gi|696987457
s,g,sn|Colius_striatus_1|taxid|57412|geneid|104555502|gi|706123735
s,g,sn|Tauraco_erythrolophus_1|taxid|121530|geneid|104380208|gi|701366564
s,r,sn|Gavia_stellata_1|taxid|37040|geneid|104263130|gi|698446278
s,g,sn|Tyto_alba_1|taxid|56313|geneid|104367241|gi|701417355
s,g,sn|Haliaeetus_albicilla_1|taxid|8969|geneid|104315537|gi|700333845
s,g,sn|Haliaeetus_leucocephalus_1|taxid|52644|geneid|104836018|gi|729751996
s,g,sn|Cariama_cristata_1|taxid|54380|geneid|104164486|gi|698455821
s,g,sn|Merops_nubicus_1|taxid|57421|geneid|103780047|gi|675634387
s,g,sn|Picoides_pubescens_1|taxid|118200|geneid|104303926|gi|699629465
s,g,sn|Anas_platyrhynchos_1|taxid|8839|geneid|101803026|gi|514704706
s,g,sn|Gallus_gallus_1|taxid|9031|geneid|421076|gi|363730918
s,g,sn|Gallus_gallus_1|taxid|9031|geneid|421076|gi|513171978
s,g,sn|Gallus_gallus_1|taxid|9031|geneid|421076|gi|513171980
s,g,sn|Gallus_gallus_1|taxid|9031|geneid|421076|gi|513171982
s,g,sn|Meleagris_gallopavo_1|taxid|9103|geneid|100541908|gi|733882544
s,g,sn|Struthio_camelus_australis_1|taxid|441894|geneid|104139124|gi|697447479
s,g,sn|Tinamus_guttatus_1|taxid|94827|geneid|104568254|gi|719729814
s,g,sn|Alligator_mississippiensis_1|taxid|8496|geneid|102570133|gi|564241603
s,g,sn|Alligator_sinensis_1|taxid|38654|geneid|102371188|gi|557330514
s,g,sn|Chelonia_mydas_1|taxid|8469|geneid|102935886|gi|591364345
s,g,sn|Chrysemys_picta_bellii_1|taxid|8478|geneid|101935685|gi|530577774
s,g,sn|Pelodiscus_sinensis_1|taxid|13735|geneid|102444975|gi|558135160
s,g,sn|Anolis_carolinensis_1|taxid|28377|geneid|100561824|gi|327269875
s,g,sn|Python_bivittatus_1|taxid|176946|geneid|103058074|gi|602659356
s,g,sn|Xenopus__Silurana__tropicalis_1|taxid|8364|geneid|100494646|gi|301609239
s,g,sn|Xenopus__Silurana__tropicalis_1|taxid|8364|geneid|100494646|gi|512846966
s,g,sn|Callorhinchus_milii_1|taxid|7868|geneid|103181036|gi|632959089
s,g,sn|Latimeria_chalumnae_1|taxid|7897|geneid|102364175|gi|556960708
s,g,sn|Latimeria_chalumnae_1|taxid|7897|geneid|102364175|gi|556960711
s,g,sn|Latimeria_chalumnae_1|taxid|7897|geneid|102364175|gi|556960714
s,g,sn|Lepisosteus_oculatus_1|taxid|7918|geneid|102697104|gi|573892504
s,g,sn|Cynoglossus_semilaevis_1|taxid|244447|geneid|103396350|gi|657810603
s,g,sn|Takifugu_rubripes_1|taxid|31033|geneid|101069555|gi|410923889
s,g,sn|Haplochromis_burtoni_1|taxid|8153|geneid|102302376|gi|554803238
s,g,sn|Maylandia_zebra_1|taxid|106582|geneid|101483246|gi|498945986
s,g,sn|Pundamilia_nyererei_1|taxid|303518|geneid|102202895|gi|548422487
s,g,sn|Neolamprologus_brichardi_1|taxid|32507|geneid|102782249|gi|583994067
s,g,sn|Oreochromis_niloticus_1|taxid|8128|geneid|100695975|gi|348500675
s,g,sn|Oryzias_latipes_1|taxid|8090|geneid|101159535|gi|432917243
s,g,sn|Poecilia_formosa_1|taxid|48698|geneid|103135728|gi|617388314
s,g,sn|Poecilia_reticulata_1|taxid|8081|geneid|103479869|gi|658899884
s,g,sn|Xiphophorus_maculatus_1|taxid|8083|geneid|102226228|gi|551496949
s,g,sn|Stegastes_partitus_1|taxid|144197|geneid|103369337|gi|657584209
s,g,sn|Larimichthys_crocea_1|taxid|215358|geneid|104917708|gi|734601271
s,g,sn|Astyanax_mexicanus_1|taxid|7994|geneid|103031318|gi|597737877
s,g,sn|Danio_rerio_1|taxid|7955|geneid|553330|gi|345195206
s,g,sn|Danio_rerio_1|taxid|7955|geneid|553330|gi|528470113
s,g,sn|Danio_rerio_1|taxid|7955|geneid|553330|gi|528470111
s,g,sn|Branchiostoma_floridae_1|taxid|7739|geneid|7207723|gi|260786753
s,b,sn|Ciona_intestinalis_1|taxid|7719|geneid|100184709|gi|459173507
s,b,sn|Ciona_intestinalis_2|taxid|7719|geneid|778696|gi|699239684
s,g,sn|Aplysia_californica_1|taxid|6500|geneid|101862111|gi|524881653
s,g,sn|Lottia_gigantea_1|taxid|225164|geneid|20245342|gi|676430511
s,g,sn|Saccoglossus_kowalevskii_1|taxid|10224|geneid|100367226|gi|585681449
s,b,sn|Strongylocentrotus_purpuratus_1|taxid|7668|geneid|579887|gi|72076342
s,b,sn|Strongylocentrotus_purpuratus_2|taxid|7668|geneid|586787|gi|115942913
d,r,sn|Ailuropoda_melanoleuca_2|taxid|9646|geneid|100478497|gi|301777318
d,r,sn|Ursus_maritimus_2|taxid|29073|geneid|103674681|gi|671022020
d,r,sn|Leptonychotes_weddellii_2|taxid|9713|geneid|102726899|gi|585168849
d,r,sn|Odobenus_rosmarus_divergens_2|taxid|9708|geneid|101386640|gi|472389568
d,r,sn|Mustela_putorius_furo_2|taxid|9669|geneid|101682629|gi|511829617
d,r,sn|Mustela_putorius_furo_2|taxid|9669|geneid|101682629|gi|511829619
d,r,sn|Canis_lupus_familiaris_2|taxid|9615|geneid|610398|gi|148223061
d,r,sn|Felis_catus_2|taxid|9685|geneid|101099108|gi|410951928
d,r,sn|Panthera_tigris_altaica_2|taxid|74533|geneid|102964566|gi|591292508
d,r,sn|Ceratotherium_simum_simum_2|taxid|73337|geneid|101389550|gi|478528418
d,r,sn|Equus_caballus_2|taxid|9796|geneid|100065105|gi|338723834
d,r,sn|Equus_przewalskii_2|taxid|9798|geneid|103554953|gi|664734536
d,r,sn|Eptesicus_fuscus_2|taxid|29078|geneid|103303623|gi|641736452
d,r,sn|Myotis_brandtii_2|taxid|109478|geneid|102260685|gi|554583030
d,r,sn|Myotis_lucifugus_2|taxid|59463|geneid|102427415|gi|558206829
d,r,sn|Myotis_davidii_2|taxid|225400|geneid|102757732|gi|584051568
d,r,sn|Pteropus_alecto_2|taxid|9402|geneid|102889482|gi|586553080
d,r,sn|Balaenoptera_acutorostrata_scammoni_2|taxid|310752|geneid|103004449|gi|594680110
d,r,sn|Lipotes_vexillifer_2|taxid|118797|geneid|103083362|gi|602705400
d,r,sn|Orcinus_orca_2|taxid|9733|geneid|101277149|gi|466074064
d,r,sn|Tursiops_truncatus_2|taxid|9739|geneid|101327792|gi|470619065
d,r,sn|Physeter_catodon_2|taxid|9755|geneid|102979951|gi|593738904
d,r,sn|Bos_mutus_2|taxid|72004|geneid|102281269|gi|555974996
d,r,sn|Bos_taurus_2|taxid|9913|geneid|539550|gi|194666386
d,r,sn|Bubalus_bubalis_2|taxid|89462|geneid|102394108|gi|594054192
d,r,sn|Capra_hircus_4|taxid|9925|geneid|102184874|gi|548463643
d,r,sn|Ovis_aries_3|taxid|9940|geneid|101118355|gi|426228429
d,r,sn|Pantholops_hodgsonii_3|taxid|59538|geneid|102343801|gi|556723936
d,r,sn|Sus_scrofa_3|taxid|9823|geneid|100515982|gi|545883755
d,r,sn|Camelus_ferus_2|taxid|419612|geneid|102506093|gi|560897492
d,r,sn|Vicugna_pacos_2|taxid|30538|geneid|102536637|gi|560990104
d,r,sn|Callithrix_jacchus_2|taxid|9483|geneid|100391007|gi|675672437
d,r,sn|Saimiri_boliviensis_boliviensis_2|taxid|39432|geneid|101052583|gi|725575004
d,r,sn|Chlorocebus_sabaeus_2|taxid|60711|geneid|103227363|gi|635117749
d,r,sn|Macaca_fascicularis_2|taxid|9541|geneid|102124143|gi|544420232
d,r,sn|Macaca_fascicularis_2|taxid|9541|geneid|102124143|gi|544420234
d,r,sn|Macaca_mulatta_2|taxid|9544|geneid|699235|gi|117956369
d,r,sn|Papio_anubis_2|taxid|9555|geneid|101007992|gi|402863588
d,r,sn|Papio_anubis_2|taxid|9555|geneid|101007992|gi|685530870
d,r,sn|Rhinopithecus_roxellana_2|taxid|61622|geneid|104671148|gi|724879138
d,r,sn|Rhinopithecus_roxellana_2|taxid|61622|geneid|104671148|gi|724879145
d,r,sn|Rhinopithecus_roxellana_2|taxid|61622|geneid|104671148|gi|724879148
d,r,sn|Rhinopithecus_roxellana_2|taxid|61622|geneid|104671148|gi|724879142
d,r,sn|Gorilla_gorilla_gorilla_2|taxid|9595|geneid|101141407|gi|426356095
d,r,sn|Gorilla_gorilla_gorilla_2|taxid|9595|geneid|101141407|gi|426356097
d,r,sn|Homo_sapiens_2|taxid|9606|geneid|29881|gi|156231351
d,r,sn|Homo_sapiens_2|taxid|9606|geneid|29881|gi|665821271
d,r,sn|Homo_sapiens_2|taxid|9606|geneid|29881|gi|156231353
d,r,sn|Pan_paniscus_2|taxid|9597|geneid|100977825|gi|397467118
d,r,sn|Pan_paniscus_2|taxid|9597|geneid|100977825|gi|675679801
d,r,sn|Pan_paniscus_2|taxid|9597|geneid|100977825|gi|675679796
d,r,sn|Pan_troglodytes_2|taxid|9598|geneid|463381|gi|332865077
d,r,sn|Pan_troglodytes_2|taxid|9598|geneid|463381|gi|694920836
d,r,sn|Pan_troglodytes_2|taxid|9598|geneid|463381|gi|694920834
d,r,sn|Pan_troglodytes_2|taxid|9598|geneid|463381|gi|694920839
d,r,sn|Pan_troglodytes_2|taxid|9598|geneid|463381|gi|694920842
d,r,sn|Pan_troglodytes_2|taxid|9598|geneid|463381|gi|694920844
d,r,sn|Pan_troglodytes_2|taxid|9598|geneid|463381|gi|694920846
d,r,sn|Nomascus_leucogenys_2|taxid|61853|geneid|100590536|gi|332239438
d,r,sn|Nomascus_leucogenys_2|taxid|61853|geneid|100590536|gi|332239442
d,r,sn|Pongo_abelii_2|taxid|9601|geneid|100458187|gi|297680520
d,r,sn|Tarsius_syrichta_2|taxid|9478|geneid|103251945|gi|640786016
d,r,sn|Tarsius_syrichta_2|taxid|9478|geneid|103251945|gi|640786018
d,r,sn|Otolemur_garnettii_2|taxid|30611|geneid|100965324|gi|395850113
d,r,sn|Galeopterus_variegatus_2|taxid|482537|geneid|103607828|gi|667328345
d,r,sn|Galeopterus_variegatus_3|taxid|482537|geneid|103583768|gi|667345002
d,r,sn|Galeopterus_variegatus_4|taxid|482537|geneid|103607394|gi|667327162
d,r,sn|Tupaia_chinensis_2|taxid|246437|geneid|102493644|gi|562876601
d,r,sn|Cavia_porcellus_2|taxid|10141|geneid|100716804|gi|348560064
d,r,sn|Chinchilla_lanigera_2|taxid|34839|geneid|102019774|gi|533166055
d,r,sn|Octodon_degus_2|taxid|10160|geneid|101582163|gi|507642205
d,r,sn|Fukomys_damarensis_3|taxid|885580|geneid|104862741|gi|731217826
d,r,sn|Heterocephalus_glaber_2|taxid|10181|geneid|101718169|gi|512877915
d,r,sn|Heterocephalus_glaber_2|taxid|10181|geneid|101718169|gi|512955241
d,r,sn|Heterocephalus_glaber_2|taxid|10181|geneid|101718169|gi|512955243
d,r,sn|Ictidomys_tridecemlineatus_2|taxid|43179|geneid|101959672|gi|532066886
d,r,sn|Cricetulus_griseus_2|taxid|10029|geneid|100763971|gi|354485263
d,r,sn|Mesocricetus_auratus_2|taxid|10036|geneid|101840157|gi|526252942
d,r,sn|Peromyscus_maniculatus_bairdii_2|taxid|230844|geneid|102928979|gi|589919966
d,r,sn|Microtus_ochrogaster_2|taxid|79684|geneid|101980293|gi|532046972
d,r,sn|Mus_musculus_2|taxid|10090|geneid|237636|gi|253970442
d,r,sn|Mus_musculus_2|taxid|10090|geneid|237636|gi|568970236
d,r,sn|Rattus_norvegicus_2|taxid|10116|geneid|432367|gi|50300485
d,r,sn|Nannospalax_galili_3|taxid|1026970|geneid|103734986|gi|674052038
d,r,sn|Jaculus_jaculus_2|taxid|51337|geneid|101604816|gi|507537463
d,r,sn|Ochotona_princeps_2|taxid|9978|geneid|101534536|gi|504140221
d,r,sn|Oryctolagus_cuniculus_2|taxid|9986|geneid|100009042|gi|126723429
d,r,sn|Chrysochloris_asiatica_2|taxid|185453|geneid|102813473|gi|586448277
d,r,sn|Echinops_telfairi_2|taxid|9371|geneid|101637972|gi|507669029
d,r,sn|Loxodonta_africana_2|taxid|9785|geneid|100658798|gi|344293828
d,r,sn|Trichechus_manatus_latirostris_2|taxid|127582|geneid|101353340|gi|471409185
d,r,sn|Orycteropus_afer_afer_2|taxid|1230840|geneid|103210504|gi|634891628
d,r,sn|Elephantulus_edwardii_2|taxid|28737|geneid|102844104|gi|585682287
d,r,sn|Dasypus_novemcinctus_2|taxid|9361|geneid|101446599|gi|488552449
d,r,sn|Condylura_cristata_2|taxid|143302|geneid|101624002|gi|507930709
d,r,sn|Sorex_araneus_2|taxid|42254|geneid|101537227|gi|505843904
d,r,sn|Erinaceus_europaeus_2|taxid|9365|geneid|103114746|gi|617609332
d,r,sn|Monodelphis_domestica_2|taxid|13616|geneid|100030165|gi|611979772
d,r,sn|Sarcophilus_harrisii_2|taxid|9305|geneid|100918685|gi|395507000
d,r,sn|Ornithorhynchus_anatinus_2|taxid|9258|geneid|100089021|gi|620972672
d,r,sn|Alligator_mississippiensis_2|taxid|8496|geneid|102576666|gi|564228358
d,r,sn|Alligator_sinensis_2|taxid|38654|geneid|102370832|gi|557325180
d,r,sn|Anas_platyrhynchos_2|taxid|8839|geneid|101789797|gi|514793220
d,r,sn|Calypte_anna_3|taxid|9244|geneid|103530015|gi|663267290
d,r,sn|Chaetura_pelagica_2|taxid|8897|geneid|104396840|gi|701343918
d,r,sn|Charadrius_vociferus_2|taxid|50402|geneid|104291339|gi|699690246
d,r,sn|Falco_cherrug_2|taxid|345164|geneid|102057736|gi|541967455
d,r,sn|Falco_peregrinus_2|taxid|8954|geneid|101916519|gi|529429051
d,r,sn|Haliaeetus_leucocephalus_2|taxid|52644|geneid|104828999|gi|729730926
d,r,sn|Mesitornis_unicolor_2|taxid|54374|geneid|104539408|gi|704556012
d,r,sn|Columba_livia_2|taxid|8932|geneid|102097787|gi|543745611
d,r,sn|Ficedula_albicollis_2|taxid|59894|geneid|101808124|gi|525031450
d,r,sn|Corvus_brachyrhynchos_2|taxid|85066|geneid|103624965|gi|669266035
d,r,sn|Serinus_canaria_2|taxid|9135|geneid|103825295|gi|683941065
d,r,sn|Ficedula_albicollis_3|taxid|59894|geneid|101815516|gi|525031091
d,r,sn|Ficedula_albicollis_4|taxid|59894|geneid|101808293|gi|525021120
d,r,sn|Pseudopodoces_humilis_2|taxid|181119|geneid|102110106|gi|543378216
d,r,sn|Manacus_vitellinus_2|taxid|328815|geneid|103762513|gi|675427172
d,r,sn|Meleagris_gallopavo_2|taxid|9103|geneid|104917211|gi|733932293
d,r,sn|Melopsittacus_undulatus_2|taxid|13146|geneid|101876859|gi|527243229
d,r,sn|Chelonia_mydas_2|taxid|8469|geneid|102933372|gi|591350972
d,r,sn|Chrysemys_picta_bellii_2|taxid|8478|geneid|101953743|gi|530635218
d,r,sn|Python_bivittatus_2|taxid|176946|geneid|103065603|gi|602669019
d,r,sn|Xenopus__Silurana__tropicalis_2|taxid|8364|geneid|100487339|gi|512827162
d,r,sn|Astyanax_mexicanus_2|taxid|7994|geneid|103040688|gi|597744453
d,r,sn|Danio_rerio_2|taxid|7955|geneid|100616532|gi|688568841
d,r,sn|Cynoglossus_semilaevis_2|taxid|244447|geneid|103398039|gi|657815195
d,r,sn|Cynoglossus_semilaevis_3|taxid|244447|geneid|103399666|gi|657819348
d,r,sn|Cynoglossus_semilaevis_4|taxid|244447|geneid|103396923|gi|657812043
d,r,sn|Stegastes_partitus_2|taxid|144197|geneid|103372411|gi|657591556
d,r,sn|Larimichthys_crocea_2|taxid|215358|geneid|104930661|gi|734630905
d,r,sn|Takifugu_rubripes_2|taxid|31033|geneid|101061759|gi|410928136
d,r,sn|Haplochromis_burtoni_2|taxid|8153|geneid|102307620|gi|554824401
d,r,sn|Pundamilia_nyererei_2|taxid|303518|geneid|102211189|gi|548354976
d,r,sn|Maylandia_zebra_2|taxid|106582|geneid|101465425|gi|498954267
d,r,sn|Neolamprologus_brichardi_2|taxid|32507|geneid|102793899|gi|584022545
d,r,sn|Oreochromis_niloticus_2|taxid|8128|geneid|100691090|gi|542197243
d,r,sn|Oryzias_latipes_2|taxid|8090|geneid|101160914|gi|432875250
d,r,sn|Poecilia_formosa_2|taxid|48698|geneid|103146657|gi|617363930
d,r,sn|Poecilia_reticulata_2|taxid|8081|geneid|103470594|gi|658868953
d,r,sn|Xiphophorus_maculatus_2|taxid|8083|geneid|102233351|gi|551515064
d,r,sn|Danio_rerio_3|taxid|7955|geneid|101883346|gi|528488433
d,r,sn|Lepisosteus_oculatus_2|taxid|7918|geneid|102697857|gi|573874361
d,r,sn|Callorhinchus_milii_2|taxid|7868|geneid|103187795|gi|632977966
d,r,sn|Latimeria_chalumnae_2|taxid|7897|geneid|102365493|gi|556980673
d,r,sn|Ciona_intestinalis_3|taxid|7719|geneid|778978|gi|699241937
d,r,sn|Ciona_intestinalis_4|taxid|7719|geneid|104265642|gi|699241935
d,r,sn|Strongylocentrotus_purpuratus_5|taxid|7668|geneid|100894062|gi|390354660
d,r,sn|Saccoglossus_kowalevskii_2|taxid|10224|geneid|100369121|gi|585700728
d,r,sn|Saccoglossus_kowalevskii_3|taxid|10224|geneid|100377005|gi|291221448
d,r,sn|Strongylocentrotus_purpuratus_3|taxid|7668|geneid|586083|gi|390368166
d,r,sn|Strongylocentrotus_purpuratus_4|taxid|7668|geneid|753310|gi|115735459
d,g,sn|Hydra_vulgaris_1|taxid|6087|geneid|100202645|gi|449687796
d,r,sn|Hydra_vulgaris_2|taxid|6087|geneid|100201430|gi|449681758
d,g,sn|Nematostella_vectensis_1|taxid|45351|geneid|5514760|gi|156389303
d,g,sn|Trichoplax_adhaerens_1|taxid|10228|geneid|6756133|gi|196010479
d,g,sn|Brugia_malayi_1|taxid|6279|geneid|6101075|gi|170585710
d,g,sn|Loa_loa_1|taxid|7209|geneid|9939580|gi|312069642
d,g,sn|Trichinella_spiralis_1|taxid|6334|geneid|10908491|gi|339236055
d,r,sn|Trichinella_spiralis_3|taxid|6334|geneid|10901227|gi|339255000
d,r,sn|Trichinella_spiralis_2|taxid|6334|geneid|10909596|gi|339259538
d,r,sn|Trichinella_spiralis_4|taxid|6334|geneid|10900251|gi|339265677
d,g,sn|Helobdella_robusta_1|taxid|6412|geneid|20194533|gi|675878008
d,g,sn|Opisthorchis_viverrini_1|taxid|6198|geneid|20323639|gi|684403466
d,g,sn|Acyrthosiphon_pisum_1|taxid|7029|geneid|100168306|gi|328698654
d,g,sn|Diaphorina_citri_1|taxid|121845|geneid|103510845|gi|662201054
d,g,sn|Aedes_aegypti_1|taxid|7159|geneid|5577899|gi|157135836
d,g,sn|Culex_quinquefasciatus_1|taxid|7176|geneid|6036483|gi|170037373
d,g,sn|Anopheles_gambiae_str._PEST_1|taxid|180454|geneid|1277820|gi|158297016
d,g,sn|Ceratitis_capitata_1|taxid|7213|geneid|101458443|gi|498948935
d,g,sn|Ceratitis_capitata_1|taxid|7213|geneid|101458443|gi|498948982
d,g,sn|Musca_domestica_1|taxid|7370|geneid|101891528|gi|557767521
d,g,sn|Musca_domestica_1|taxid|7370|geneid|101891528|gi|557767523
d,g,sn|Musca_domestica_1|taxid|7370|geneid|101891528|gi|557767525
d,g,sn|Drosophila_ananassae_1|taxid|7217|geneid|6496958|gi|194761678
d,g,sn|Drosophila_erecta_1|taxid|7220|geneid|6541150|gi|194859612
d,g,sn|Drosophila_melanogaster_1|taxid|7227|geneid|34358|gi|24583258
d,g,sn|Drosophila_melanogaster_1|taxid|7227|geneid|34358|gi|665407386
d,g,sn|Drosophila_sechellia_1|taxid|7238|geneid|6611929|gi|195339683
d,g,sn|Drosophila_simulans_1|taxid|7240|geneid|6731752|gi|195578067
d,g,sn|Drosophila_yakuba_1|taxid|7245|geneid|6527978|gi|195473529
d,g,sn|Drosophila_persimilis_1|taxid|7234|geneid|6602654|gi|195173820
d,g,sn|Drosophila_pseudoobscura_pseudoobscura_1|taxid|46245|geneid|6899737|gi|198461752
d,g,sn|Drosophila_grimshawi_1|taxid|7222|geneid|6566969|gi|195050575
d,g,sn|Drosophila_mojavensis_1|taxid|7230|geneid|6578197|gi|195119189
d,g,sn|Drosophila_virilis_1|taxid|7244|geneid|6634137|gi|195397614
d,g,sn|Apis_dorsata_1|taxid|7462|geneid|102677584|gi|572311533
d,g,sn|Apis_dorsata_1|taxid|7462|geneid|102677584|gi|572311535
d,g,sn|Apis_dorsata_1|taxid|7462|geneid|102677584|gi|572311541
d,g,sn|Apis_dorsata_1|taxid|7462|geneid|102677584|gi|572311545
d,g,sn|Apis_dorsata_1|taxid|7462|geneid|102677584|gi|572311543
d,g,sn|Apis_florea_1|taxid|7463|geneid|100870824|gi|380018701
d,g,sn|Apis_florea_1|taxid|7463|geneid|100870824|gi|380018703
d,g,sn|Apis_mellifera_1|taxid|7460|geneid|552375|gi|571562682
d,g,sn|Apis_mellifera_1|taxid|7460|geneid|552375|gi|571562676
d,g,sn|Apis_mellifera_1|taxid|7460|geneid|552375|gi|571562684
d,g,sn|Apis_mellifera_1|taxid|7460|geneid|552375|gi|571562674
d,g,sn|Apis_mellifera_1|taxid|7460|geneid|552375|gi|571562678
d,g,sn|Apis_mellifera_1|taxid|7460|geneid|552375|gi|571562680
d,g,sn|Apis_dorsata_1|taxid|7462|geneid|102677584|gi|572311537
d,g,sn|Apis_dorsata_1|taxid|7462|geneid|102677584|gi|572311539
d,g,sn|Bombus_impatiens_1|taxid|132113|geneid|100748286|gi|350407874
d,g,sn|Bombus_terrestris_1|taxid|30195|geneid|100650737|gi|340721922
d,g,sn|Megachile_rotundata_1|taxid|143995|geneid|100875323|gi|383847243
d,g,sn|Microplitis_demolitor_1|taxid|69319|geneid|103573633|gi|665805632
d,g,sn|Microplitis_demolitor_1|taxid|69319|geneid|103573633|gi|665805638
d,g,sn|Microplitis_demolitor_1|taxid|69319|geneid|103573633|gi|665805634
d,g,sn|Microplitis_demolitor_1|taxid|69319|geneid|103573633|gi|665805636
d,g,sn|Nasonia_vitripennis_1|taxid|7425|geneid|100122535|gi|645015676
d,g,sn|Tribolium_castaneum_1|taxid|7070|geneid|655972|gi|642938455
d,g,sn|Tribolium_castaneum_1|taxid|7070|geneid|655972|gi|642938459
d,g,sn|Tribolium_castaneum_1|taxid|7070|geneid|655972|gi|642938457
d,g,sn|Bombyx_mori_1|taxid|7091|geneid|101742149|gi|512898549
d,g,sn|Pediculus_humanus_corporis_1|taxid|121224|geneid|8238929|gi|242019688
d,r,sn|Aedes_aegypti_2|taxid|7159|geneid|5572116|gi|157123534
d,r,sn|Culex_quinquefasciatus_2|taxid|7176|geneid|6048471|gi|170059488
d,r,sn|Anopheles_gambiae_str._PEST_2|taxid|180454|geneid|1271641|gi|347964105
d,r,sn|Ceratitis_capitata_2|taxid|7213|geneid|101452471|gi|498956121
d,r,sn|Drosophila_ananassae_2|taxid|7217|geneid|6504377|gi|194770001
d,r,sn|Drosophila_erecta_2|taxid|7220|geneid|6549739|gi|194897388
d,r,sn|Drosophila_yakuba_2|taxid|7245|geneid|6526124|gi|195482174
d,r,sn|Drosophila_melanogaster_2|taxid|7227|geneid|33072|gi|221500219
d,r,sn|Drosophila_sechellia_2|taxid|7238|geneid|6615169|gi|195346057
d,r,sn|Drosophila_simulans_3|taxid|7240|geneid|6726551|gi|195567921
d,r,sn|Drosophila_simulans_2|taxid|7240|geneid|6726550|gi|195567919
d,r,sn|Drosophila_persimilis_2|taxid|7234|geneid|6599455|gi|195167395
d,r,sn|Drosophila_pseudoobscura_pseudoobscura_2|taxid|46245|geneid|4814554|gi|125982203
d,r,sn|Drosophila_willistoni_1|taxid|7260|geneid|6641397|gi|195432404
d,r,sn|Drosophila_grimshawi_2|taxid|7222|geneid|6569434|gi|195058610
d,r,sn|Drosophila_mojavensis_2|taxid|7230|geneid|6584030|gi|195130501
d,r,sn|Drosophila_mojavensis_3|taxid|7230|geneid|6584032|gi|195130505
d,r,sn|Drosophila_virilis_2|taxid|7244|geneid|6631966|gi|195393174
d,r,sn|Musca_domestica_2|taxid|7370|geneid|101888580|gi|557758526
d,r,sn|Bombyx_mori_2|taxid|7091|geneid|101743985|gi|512915491
d,r,sn|Bombyx_mori_3|taxid|7091|geneid|101743836|gi|512915487
d,r,sn|Apis_dorsata_2|taxid|7462|geneid|102674834|gi|572303750
d,r,sn|Apis_mellifera_2|taxid|7460|geneid|408992|gi|571551212
d,r,sn|Apis_florea_2|taxid|7463|geneid|100868857|gi|380012730
d,r,sn|Bombus_impatiens_2|taxid|132113|geneid|100745400|gi|350400475
d,r,sn|Megachile_rotundata_2|taxid|143995|geneid|100881443|gi|383864296
d,r,sn|Nasonia_vitripennis_2|taxid|7425|geneid|100115267|gi|645028150
d,r,sn|Tribolium_castaneum_2|taxid|7070|geneid|655554|gi|642930623
d,r,sn|Pediculus_humanus_corporis_2|taxid|121224|geneid|8232328|gi|242023801
d,r,sn|Ixodes_scapularis_2|taxid|6945|geneid|8050645|gi|242002008
d,r,sn|Metaseiulus_occidentalis_2|taxid|34638|geneid|100908692|gi|391337069
d,g,sn|Ixodes_scapularis_1|taxid|6945|geneid|8035180|gi|241647497
d,g,sn|Metaseiulus_occidentalis_1|taxid|34638|geneid|100904835|gi|391327389
d,b,sn|Amphimedon_queenslandica_1|taxid|400682|geneid|100634252|gi|340387104
d,b,sn|Amphimedon_queenslandica_2|taxid|400682|geneid|100636865|gi|340372645
d,g,sn|Caenorhabditis_briggsae_1|taxid|6238|geneid|8586542|gi|268579127
d,g,sn|Caenorhabditis_elegans_1|taxid|6239|geneid|NA|gi|17569119
d,g,sn|Caenorhabditis_remanei_1|taxid|31234|geneid|9822327|gi|308511869
d,r,sn|Caenorhabditis_briggsae_2|taxid|6238|geneid|8583942|gi|268573942
d,r,sn|Caenorhabditis_remanei_2|taxid|31234|geneid|9825568|gi|308501653
d,r,sn|Caenorhabditis_remanei_3|taxid|31234|geneid|9814720|gi|308502387
d,r,sn|Caenorhabditis_elegans_1|taxid|6239|geneid|NA|gi|17554358
d,g,sn|Agaricus_bisporus_var._bisporus_H97_1|taxid|936046|geneid|18083944|gi|568452321
d,g,sn|Agaricus_bisporus_var._burnettii_JB137-S8_1|taxid|597362|geneid|18831127|gi|597978057
d,g,sn|Laccaria_bicolor_S238N-H82_1|taxid|486041|geneid|6070848|gi|170086992
d,g,sn|Coprinopsis_cinerea_okayama7#130_1|taxid|240176|geneid|6013497|gi|299747301
d,g,sn|Moniliophthora_perniciosa_FA553_1|taxid|554373|geneid|7924575|gi|238597840
d,r,sn|Moniliophthora_perniciosa_FA553_2|taxid|554373|geneid|7932046|gi|238569200
d,r,sn|Moniliophthora_perniciosa_FA553_3|taxid|554373|geneid|7924210|gi|238597949
d,g,sn|Moniliophthora_roreri_MCA_2997_1|taxid|1381753|geneid|19288935|gi|630174476
d,g,sn|Schizophyllum_commune_H4-8_1|taxid|578458|geneid|9588303|gi|302696991
d,g,sn|Heterobasidion_irregulare_TC_32-1_1|taxid|747525|geneid|20670014|gi|695542581
d,g,sn|Stereum_hirsutum_FP-91666_SS1_1|taxid|721885|geneid|18807011|gi|597910350
d,g,sn|Coniophora_puteana_RWD-64-598_SS2_1|taxid|741705|geneid|19210846|gi|628851119
d,g,sn|Serpula_lacrymans_var._lacrymans_S7.9_1|taxid|578457|geneid|18812672|gi|597922198
d,g,sn|Dichomitus_squalens_LYAD-421_SS1_1|taxid|732165|geneid|18833631|gi|597991045
d,g,sn|Trametes_versicolor_FP-101664_SS1_1|taxid|717944|geneid|19407466|gi|636609291
d,g,sn|Phanerochaete_carnosa_HHB-10118-sp_1|taxid|650164|geneid|18914657|gi|599352609
d,g,sn|Gloeophyllum_trabeum_ATCC_11539_1|taxid|670483|geneid|19308127|gi|630346187
d,g,sn|Postia_placenta_Mad-698-R_1|taxid|561896|geneid|8142337|gi|242223686
d,g,sn|Punctularia_strigosozonata_HHB-11173_SS5_1|taxid|741275|geneid|18876432|gi|599103056
d,g,sn|Fomitiporia_mediterranea_MF322_1|taxid|694068|geneid|18677003|gi|595780330
d,g,sn|Auricularia_delicata_TFB-10046_SS5_1|taxid|717982|geneid|18846571|gi|598014767
d,g,sn|Cryptococcus_gattii_WM276_1|taxid|367775|geneid|10190428|gi|321259187
d,g,sn|Cryptococcus_neoformans_var._neoformans_B-3501A_1|taxid|283643|geneid|4936258|gi|134111997
d,g,sn|Cryptococcus_neoformans_var._neoformans_JEC21_1|taxid|214684|geneid|3257964|gi|58267588
d,g,sn|Tremella_mesenterica_DSM_1558_1|taxid|578456|geneid|18495110|gi|589274242
d,g,sn|Pseudozyma_flocculosa_PF-1_1|taxid|1277687|geneid|19319880|gi|630970232
d,g,sn|Ustilago_maydis_521_1|taxid|237631|geneid|3629642|gi|71006122
d,g,sn|Melampsora_larici-populina_98AG31_1|taxid|747676|geneid|18933459|gi|599375570
d,g,sn|Puccinia_graminis_f._sp._tritici_CRL_75-36-700-3_1|taxid|418459|geneid|10535870|gi|403173782
d,g,sn|Ajellomyces_capsulatus_NAm1_1|taxid|339724|geneid|5444602|gi|154274666
d,g,sn|Ajellomyces_dermatitidis_SLH14081_1|taxid|559298|geneid|8510249|gi|261205408
d,g,sn|Paracoccidioides_brasiliensis_Pb18_1|taxid|502780|geneid|22582837|gi|734677608
d,g,sn|Paracoccidioides_sp._lutzii_Pb01_1|taxid|502779|geneid|9100288|gi|295673748
d,g,sn|Arthroderma_benhamiae_CBS_112371_1|taxid|663331|geneid|9526862|gi|302510216
d,g,sn|Trichophyton_verrucosum_HKI_0517_1|taxid|663202|geneid|9578503|gi|302659709
d,g,sn|Trichophyton_rubrum_CBS_118892_1|taxid|559305|geneid|10378256|gi|327302384
d,g,sn|Microsporum_gypseum_CBS_118893_1|taxid|535722|geneid|10024918|gi|315040620
d,g,sn|Arthroderma_otae_CBS_113480_1|taxid|554155|geneid|9223863|gi|296813839
d,g,sn|Coccidioides_immitis_RS_1|taxid|246410|geneid|4565383|gi|119194019
d,g,sn|Coccidioides_posadasii_C735_delta_SOWgp_1|taxid|222929|geneid|9691284|gi|303311605
d,g,sn|Uncinocarpus_reesii_1704_1|taxid|336963|geneid|8444671|gi|258575227
d,g,sn|Aspergillus_clavatus_NRRL_1_1|taxid|344612|geneid|4699946|gi|121699459
d,g,sn|Aspergillus_fumigatus_Af293_1|taxid|330879|geneid|3508192|gi|70992077
d,g,sn|Neosartorya_fischeri_NRRL_181_1|taxid|331117|geneid|4584633|gi|119471080
d,g,sn|Aspergillus_flavus_NRRL3357_1|taxid|332952|geneid|7914176|gi|238498670
d,g,sn|Aspergillus_oryzae_RIB40_1|taxid|510516|geneid|5997481|gi|317155810
d,g,sn|Aspergillus_terreus_NIH2624_1|taxid|341663|geneid|4321637|gi|115399096
d,g,sn|Aspergillus_nidulans_FGSC_A4_1|taxid|227321|geneid|2875771|gi|67523325
d,g,sn|Aspergillus_niger_CBS_513.88_1|taxid|425011|geneid|4984731|gi|145243960
d,g,sn|Penicillium_chrysogenum_Wisconsin_54-1255_1|taxid|500485|geneid|8308857|gi|255946473
d,g,sn|Talaromyces_marneffei_ATCC_18224_1|taxid|441960|geneid|7023466|gi|212531191
d,g,sn|Talaromyces_stipitatus_ATCC_10500_1|taxid|441959|geneid|8105140|gi|242772198
d,g,sn|Capronia_coronata_CBS_617.96_1|taxid|1182541|geneid|19158746|gi|628236736
d,g,sn|Capronia_epimyces_CBS_606.96_1|taxid|1182542|geneid|19170641|gi|628306992
d,g,sn|Exophiala_dermatitidis_NIHUT8656_1|taxid|858893|geneid|20313629|gi|684175287
d,g,sn|Cladophialophora_carrionii_CBS_160.54_1|taxid|1279043|geneid|19986925|gi|671181008
d,g,sn|Cladophialophora_yegresii_CBS_114405_1|taxid|1182544|geneid|19184412|gi|628318228
d,g,sn|Cladophialophora_psammophila_CBS_110553_1|taxid|1182543|geneid|19191967|gi|628336493
d,g,sn|Cyphellophora_europaea_CBS_101466_1|taxid|1220924|geneid|19972710|gi|671159035
d,g,sn|Endocarpon_pusillum_Z07020_1|taxid|1263415|geneid|19235747|gi|629639066
d,g,sn|Baudoinia_compniacensis_UAMH_10762_1|taxid|717646|geneid|19116024|gi|627799451
d,g,sn|Pseudocercospora_fijiensis_CIRAD86_1|taxid|383855|geneid|19335984|gi|631375234
d,g,sn|Zymoseptoria_tritici_IPO323_1|taxid|336722|geneid|13399271|gi|398399202
d,g,sn|Coniosporium_apollinis_CBS_100218_1|taxid|1168221|geneid|19904628|gi|667838634
d,g,sn|Bipolaris_oryzae_ATCC_44560_1|taxid|930090|geneid|19120781|gi|627824936
d,g,sn|Bipolaris_zeicola_26-R-13_1|taxid|930089|geneid|19150834|gi|628224087
d,g,sn|Bipolaris_sorokiniana_ND90Pr_1|taxid|665912|geneid|19132064|gi|628071161
d,g,sn|Setosphaeria_turcica_Et28A_1|taxid|671987|geneid|19401491|gi|636585721
d,g,sn|Pyrenophora_teres_f._teres_0-1_1|taxid|861557|geneid|10512601|gi|330945970
d,g,sn|Pyrenophora_tritici-repentis_Pt-1C-BFP_1|taxid|426418|geneid|6344944|gi|189201353
d,g,sn|Leptosphaeria_maculans_JN3_1|taxid|985895|geneid|13289885|gi|396474979
d,g,sn|Phaeosphaeria_nodorum_SN15_1|taxid|321614|geneid|5980313|gi|169619972
d,g,sn|Neofusicoccum_parvum_UCRNP2_1|taxid|1287680|geneid|19022086|gi|615407143
d,g,sn|Beauveria_bassiana_ARSEF_2860_1|taxid|655819|geneid|19886399|gi|667649749
d,g,sn|Cordyceps_militaris_CM01_1|taxid|983644|geneid|18162386|gi|573975258
d,g,sn|Metarhizium_acridum_CQMa_102_1|taxid|655827|geneid|19247711|gi|629688897
d,g,sn|Metarhizium_anisopliae_ARSEF_23_1|taxid|655844|geneid|19256287|gi|629710083
d,g,sn|Trichoderma_reesei_QM6a_1|taxid|431241|geneid|18488507|gi|589102023
d,g,sn|Fusarium_graminearum_PH-1_1|taxid|229533|geneid|2790905|gi|46134229
d,g,sn|Fusarium_pseudograminearum_CS3096_1|taxid|1028729|geneid|20368263|gi|685868011
d,g,sn|Nectria_haematococca_mpVI_77-13-4_1|taxid|660122|geneid|9678340|gi|302895869
d,g,sn|Chaetomium_globosum_CBS_148.51_1|taxid|306901|geneid|4395249|gi|116202779
d,g,sn|Myceliophthora_thermophila_ATCC_42464_1|taxid|573729|geneid|11513464|gi|367029411
d,g,sn|Thielavia_terrestris_NRRL_8126_1|taxid|578455|geneid|11521172|gi|367039875
d,g,sn|Chaetomium_thermophilum_var._thermophilum_DSM_1495_1|taxid|759272|geneid|18258368|gi|576041714
d,g,sn|Podospora_anserina_S_mat+_1|taxid|515849|geneid|6190250|gi|171682538
d,g,sn|Neurospora_crassa_OR74A_1|taxid|367110|geneid|3872233|gi|85077951
d,g,sn|Neurospora_tetrasperma_FGSC_2508_1|taxid|510951|geneid|20826996|gi|698994754
d,g,sn|Sordaria_macrospora_k-hell_1|taxid|771870|geneid|10807306|gi|336270058
d,g,sn|Togninia_minima_UCRPA7_1|taxid|1286976|geneid|19328060|gi|631246227
d,g,sn|Gaeumannomyces_graminis_var._tritici_R3-111a-1_1|taxid|644352|geneid|20348002|gi|685409549
d,g,sn|Magnaporthe_oryzae_70-15_1|taxid|242507|geneid|2674383|gi|389641063
d,g,sn|Eutypa_lata_UCREL1_1|taxid|1287681|geneid|19229733|gi|629657361
d,g,sn|Pestalotiopsis_fici_W106-1_1|taxid|1229662|geneid|19275283|gi|630030024
d,g,sn|Colletotrichum_fioriniae_PJ7_1|taxid|1445577|geneid|19030412|gi|615449205
d,g,sn|Colletotrichum_gloeosporioides_Nara_gc5_1|taxid|1213859|geneid|18739719|gi|596718532
d,g,sn|Verticillium_alfalfae_VaMs.102_1|taxid|526221|geneid|9529674|gi|302407568
d,g,sn|Verticillium_dahliae_VdLs.17_1|taxid|498257|geneid|20706908|gi|697071261
d,r,sn|Verticillium_alfalfae_VaMs.102_2|taxid|526221|geneid|9529675|gi|302407570
d,g,sn|Botrytis_cinerea_B05.10_1|taxid|332648|geneid|5437683|gi|154315501
d,g,sn|Sclerotinia_sclerotiorum_1980_UF-70_1|taxid|665079|geneid|5492453|gi|156060167
d,g,sn|Marssonina_brunnea_f._sp._multigermtubi_MB_m1_1|taxid|1072389|geneid|18763326|gi|597584447
d,g,sn|Glarea_lozoyensis_ATCC_20868_1|taxid|1116229|geneid|19461627|gi|636767347
d,g,sn|Tuber_melanosporum_Mel28_1|taxid|656061|geneid|9184799|gi|296416499
d,g,sn|Ashbya_gossypii_ATCC_10895_1|taxid|284811|geneid|4622957|gi|45201088
d,g,sn|Eremothecium_cymbalariae_DBVPG#7215_1|taxid|931890|geneid|11472630|gi|363755512
d,g,sn|Candida_glabrata_CBS_138_1|taxid|284593|geneid|2891093|gi|50293501
d,g,sn|Saccharomyces_cerevisiae_S288c_1|taxid|559292|geneid|856101|gi|6325251
d,g,sn|Kluyveromyces_lactis_NRRL_Y-1140_1|taxid|284590|geneid|2894897|gi|50312503
d,g,sn|Tetrapisispora_phaffii_CBS_4417_1|taxid|1071381|geneid|11530745|gi|367007808
d,g,sn|Vanderwaltozyma_polyspora_DSM_70294_1|taxid|436907|geneid|5542783|gi|156837175
d,g,sn|Lachancea_thermotolerans_CBS_6340_1|taxid|559295|geneid|8290357|gi|255710553
d,g,sn|Naumovozyma_dairenensis_CBS_421_1|taxid|1071378|geneid|11496813|gi|365985383
d,g,sn|Torulaspora_delbrueckii_1|taxid|4950|geneid|11500336|gi|367011423
d,g,sn|Zygosaccharomyces_rouxii_CBS_732_1|taxid|559307|geneid|8205138|gi|254583624
d,g,sn|Kazachstania_africana_CBS_2517_1|taxid|1071382|geneid|13882773|gi|410076046
d,g,sn|Tetrapisispora_blattae_CBS_6284_1|taxid|1071380|geneid|14496264|gi|444320001
d,g,sn|Candida_albicans_SC5314_1|taxid|237561|geneid|3643314|gi|68482049
d,g,sn|Candida_dubliniensis_CD36_1|taxid|573826|geneid|8045517|gi|241950487
d,g,sn|Candida_tropicalis_MYA-3404_1|taxid|294747|geneid|8297840|gi|255728967
d,g,sn|Candida_orthopsilosis_Co_90-125_1|taxid|1136231|geneid|14541963|gi|448534980
d,g,sn|Lodderomyces_elongisporus_NRRL_YB-4239_1|taxid|379508|geneid|5232369|gi|149239662
d,g,sn|Spathaspora_passalidarum_NRRL_Y-27907_1|taxid|619300|geneid|18870104|gi|598070151
d,g,sn|Scheffersomyces_stipitis_CBS_6054_1|taxid|322104|geneid|4851495|gi|150951654
d,g,sn|Debaryomyces_hansenii_CBS767_1|taxid|284592|geneid|2901166|gi|294656405
d,b,sn|Millerozyma_farinosa_CBS_7064_1|taxid|559304|geneid|14525710|gi|448111059
d,b,sn|Millerozyma_farinosa_CBS_7064_2|taxid|559304|geneid|14521656|gi|448097031
d,g,sn|Candida_tenuis_ATCC_10573_1|taxid|590646|geneid|18246024|gi|575517107
d,g,sn|Meyerozyma_guilliermondii_ATCC_6260_1|taxid|294746|geneid|5124681|gi|146414123
d,g,sn|Clavispora_lusitaniae_ATCC_42720_1|taxid|306902|geneid|8495989|gi|260943141
d,g,sn|Komagataella_pastoris_GS115_1|taxid|644223|geneid|8196672|gi|254565407
d,g,sn|Yarrowia_lipolytica_CLIB122_1|taxid|284591|geneid|2909863|gi|50549181
d,g,sn|Fonticula_alba_1|taxid|691883|geneid|20526675|gi|694531302
d,g,sn|Amborella_trichopoda_1|taxid|13333|geneid|18445553|gi|586767340
d,b,sn|Arabidopsis_lyrata_subsp._lyrata_1|taxid|81972|geneid|9302866|gi|297801916
d,b,sn|Arabidopsis_thaliana_1|taxid|3702|geneid|829992|gi|334187266
d,b,sn|Arabidopsis_thaliana_1|taxid|3702|geneid|829992|gi|334187268
d,b,sn|Camelina_sativa_5|taxid|90675|geneid|104716116|gi|727510927
d,b,sn|Camelina_sativa_5|taxid|90675|geneid|104716116|gi|727510929
d,b,sn|Camelina_sativa_6|taxid|90675|geneid|104720747|gi|727521455
d,b,sn|Camelina_sativa_7|taxid|90675|geneid|104733066|gi|727557693
d,b,sn|Capsella_rubella_2|taxid|81985|geneid|17880861|gi|565440939
d,b,sn|Brassica_rapa_2|taxid|3711|geneid|103835189|gi|685347292
d,b,sn|Eutrema_salsugineum_2|taxid|72664|geneid|18028793|gi|567215984
d,b,sn|Tarenaya_hassleriana_2|taxid|28532|geneid|104824737|gi|729405628
d,b,sn|Citrus_clementina_2|taxid|85681|geneid|18033752|gi|567859556
d,b,sn|Citrus_sinensis_2|taxid|2711|geneid|102617315|gi|568866526
d,b,sn|Citrus_sinensis_3|taxid|2711|geneid|102615536|gi|568866512
d,b,sn|Citrus_sinensis_4|taxid|2711|geneid|102619625|gi|568866918
d,b,sn|Citrus_sinensis_5|taxid|2711|geneid|102614225|gi|568878965
d,b,sn|Citrus_clementina_3|taxid|85681|geneid|18053584|gi|567909691
d,b,sn|Populus_trichocarpa_3|taxid|3694|geneid|7481690|gi|566188377
d,b,sn|Ricinus_communis_2|taxid|3988|geneid|8281452|gi|255572430
d,b,sn|Theobroma_cacao_2|taxid|3641|geneid|18607395|gi|590683458
d,b,sn|Theobroma_cacao_2|taxid|3641|geneid|18607395|gi|590683471
d,b,sn|Theobroma_cacao_2|taxid|3641|geneid|18607395|gi|590683475
d,b,sn|Theobroma_cacao_2|taxid|3641|geneid|18607395|gi|590683468
d,b,sn|Theobroma_cacao_2|taxid|3641|geneid|18607395|gi|590683478
d,b,sn|Beta_vulgaris_subsp._vulgaris_2|taxid|3555|geneid|104903808|gi|731357470
d,b,sn|Cucumis_melo_2|taxid|3656|geneid|103490460|gi|659094691
d,b,sn|Cucumis_melo_2|taxid|3656|geneid|103490460|gi|659094693
d,b,sn|Cucumis_sativus_3|taxid|3659|geneid|101211336|gi|449444411
d,b,sn|Cucumis_sativus_4|taxid|3659|geneid|101230996|gi|449475908
d,b,sn|Cicer_arietinum_1|taxid|3827|geneid|101498347|gi|502100128
d,b,sn|Medicago_truncatula_1|taxid|3880|geneid|11425301|gi|357495641
d,b,sn|Glycine_max_3|taxid|3847|geneid|100795551|gi|571505910
d,b,sn|Glycine_max_3|taxid|3847|geneid|100795551|gi|571505914
d,b,sn|Glycine_max_4|taxid|3847|geneid|100810332|gi|571442550
d,b,sn|Phaseolus_vulgaris_2|taxid|3885|geneid|18624393|gi|593571198
d,b,sn|Fragaria_vesca_subsp._vesca_2|taxid|101020|geneid|101310669|gi|470112161
d,b,sn|Malus_domestica_3|taxid|3750|geneid|103445217|gi|657980852
d,b,sn|Malus_domestica_4|taxid|3750|geneid|103412117|gi|658027017
d,b,sn|Pyrus_x_bretschneideri_2|taxid|225117|geneid|103937702|gi|694437837
d,b,sn|Prunus_mume_2|taxid|102107|geneid|103334770|gi|645260736
d,b,sn|Prunus_mume_2|taxid|102107|geneid|103334770|gi|645260738
d,b,sn|Prunus_persica_2|taxid|3760|geneid|18768332|gi|595796963
d,b,sn|Morus_notabilis_1|taxid|981085|geneid|21389998|gi|703157349
d,b,sn|Eucalyptus_grandis_2|taxid|71139|geneid|104419033|gi|702464208
d,b,sn|Vitis_vinifera_2|taxid|29760|geneid|100257163|gi|731382604
d,b,sn|Vitis_vinifera_2|taxid|29760|geneid|100257163|gi|731382606
d,b,sn|Arabidopsis_lyrata_subsp._lyrata_2|taxid|81972|geneid|9327301|gi|297846716
d,b,sn|Arabidopsis_thaliana_2|taxid|3702|geneid|840851|gi|42562545
d,b,sn|Camelina_sativa_1|taxid|90675|geneid|104777637|gi|727437785
d,b,sn|Camelina_sativa_2|taxid|90675|geneid|104718553|gi|727421035
d,b,sn|Camelina_sativa_3|taxid|90675|geneid|104742110|gi|727577419
d,b,sn|Camelina_sativa_4|taxid|90675|geneid|104779157|gi|727440763
d,b,sn|Capsella_rubella_1|taxid|81985|geneid|17898415|gi|565497926
d,b,sn|Brassica_rapa_1|taxid|3711|geneid|103864816|gi|685300199
d,b,sn|Brassica_rapa_3|taxid|3711|geneid|103829698|gi|685331645
d,b,sn|Eutrema_salsugineum_1|taxid|72664|geneid|18027448|gi|567209426
d,b,sn|Tarenaya_hassleriana_1|taxid|28532|geneid|104801956|gi|729453168
d,b,sn|Tarenaya_hassleriana_4|taxid|28532|geneid|104812975|gi|729337002
d,b,sn|Tarenaya_hassleriana_3|taxid|28532|geneid|104813176|gi|729337913
d,b,sn|Beta_vulgaris_subsp._vulgaris_3|taxid|3555|geneid|104905643|gi|731361759
d,b,sn|Beta_vulgaris_subsp._vulgaris_3|taxid|3555|geneid|104905643|gi|731361763
d,b,sn|Beta_vulgaris_subsp._vulgaris_3|taxid|3555|geneid|104905643|gi|731361765
d,b,sn|Beta_vulgaris_subsp._vulgaris_3|taxid|3555|geneid|104905643|gi|731361761
d,b,sn|Nicotiana_sylvestris_1|taxid|4096|geneid|104237807|gi|698487335
d,b,sn|Nicotiana_tomentosiformis_1|taxid|4098|geneid|104114042|gi|697137180
d,b,sn|Solanum_lycopersicum_1|taxid|4081|geneid|101260723|gi|460385487
d,b,sn|Solanum_tuberosum_1|taxid|4113|geneid|102600216|gi|565350366
d,b,sn|Citrus_clementina_1|taxid|85681|geneid|18040960|gi|567885617
d,b,sn|Citrus_sinensis_1|taxid|2711|geneid|102618032|gi|568839659
d,b,sn|Eucalyptus_grandis_1|taxid|71139|geneid|104448933|gi|702368515
d,b,sn|Eucalyptus_grandis_1|taxid|71139|geneid|104448933|gi|702368518
d,b,sn|Populus_trichocarpa_1|taxid|3694|geneid|7485640|gi|566173512
d,b,sn|Populus_trichocarpa_1|taxid|3694|geneid|7485640|gi|566173514
d,b,sn|Populus_trichocarpa_1|taxid|3694|geneid|7485640|gi|566173516
d,b,sn|Populus_trichocarpa_1|taxid|3694|geneid|7485640|gi|566173520
d,b,sn|Populus_trichocarpa_2|taxid|3694|geneid|18096072|gi|566155621
d,b,sn|Populus_trichocarpa_2|taxid|3694|geneid|18096072|gi|566155623
d,b,sn|Populus_trichocarpa_2|taxid|3694|geneid|18096072|gi|566155625
d,b,sn|Ricinus_communis_1|taxid|3988|geneid|8273616|gi|255539230
d,b,sn|Theobroma_cacao_1|taxid|3641|geneid|18591708|gi|590595378
d,b,sn|Theobroma_cacao_1|taxid|3641|geneid|18591708|gi|590595381
d,b,sn|Theobroma_cacao_1|taxid|3641|geneid|18591708|gi|590595388
d,b,sn|Theobroma_cacao_1|taxid|3641|geneid|18591708|gi|590595406
d,b,sn|Theobroma_cacao_1|taxid|3641|geneid|18591708|gi|590595413
d,b,sn|Theobroma_cacao_1|taxid|3641|geneid|18591708|gi|590595410
d,b,sn|Theobroma_cacao_1|taxid|3641|geneid|18591708|gi|590595403
d,b,sn|Theobroma_cacao_1|taxid|3641|geneid|18591708|gi|590595385
d,b,sn|Theobroma_cacao_1|taxid|3641|geneid|18591708|gi|590595417
d,b,sn|Theobroma_cacao_1|taxid|3641|geneid|18591708|gi|590595434
d,b,sn|Theobroma_cacao_1|taxid|3641|geneid|18591708|gi|590595399
d,b,sn|Theobroma_cacao_1|taxid|3641|geneid|18591708|gi|590595431
d,b,sn|Cucumis_melo_1|taxid|3656|geneid|103493815|gi|659104696
d,b,sn|Cucumis_melo_1|taxid|3656|geneid|103493815|gi|659104700
d,b,sn|Cucumis_melo_1|taxid|3656|geneid|103493815|gi|659104702
d,b,sn|Cucumis_melo_1|taxid|3656|geneid|103493815|gi|659104698
d,b,sn|Cucumis_sativus_1|taxid|3659|geneid|101203163|gi|449455603
d,b,sn|Cucumis_sativus_2|taxid|3659|geneid|101225216|gi|449485264
d,b,sn|Glycine_max_1|taxid|3847|geneid|100813262|gi|571448724
d,b,sn|Glycine_max_2|taxid|3847|geneid|100784611|gi|571458451
d,b,sn|Phaseolus_vulgaris_1|taxid|3885|geneid|18618779|gi|593267685
d,b,sn|Fragaria_vesca_subsp._vesca_1|taxid|101020|geneid|101293693|gi|470132212
d,b,sn|Malus_domestica_1|taxid|3750|geneid|103436751|gi|657963618
d,b,sn|Pyrus_x_bretschneideri_1|taxid|225117|geneid|103955523|gi|694378945
d,b,sn|Pyrus_x_bretschneideri_1|taxid|225117|geneid|103955523|gi|694378948
d,b,sn|Pyrus_x_bretschneideri_3|taxid|225117|geneid|103952929|gi|694370092
d,b,sn|Malus_domestica_2|taxid|3750|geneid|103436754|gi|657963624
d,b,sn|Prunus_mume_1|taxid|102107|geneid|103336673|gi|645265085
d,b,sn|Prunus_persica_1|taxid|3760|geneid|18777803|gi|595856567
d,b,sn|Morus_notabilis_2|taxid|981085|geneid|21407575|gi|703092179
d,b,sn|Vitis_vinifera_1|taxid|29760|geneid|100242789|gi|731427418
d,b,sn|Nelumbo_nucifera_1|taxid|4432|geneid|104587133|gi|720083461
d,g,sn|Brachypodium_distachyon_1|taxid|15368|geneid|100832617|gi|721693605
d,g,sn|Brachypodium_distachyon_1|taxid|15368|geneid|100832617|gi|721693608
d,g,sn|Setaria_italica_1|taxid|4555|geneid|101759403|gi|514803231
d,g,sn|Sorghum_bicolor_1|taxid|4558|geneid|8056603|gi|242076802
d,g,sn|Zea_mays_1|taxid|4577|geneid|103641981|gi|670446611
d,g,sn|Zea_mays_1|taxid|4577|geneid|103641981|gi|670446613
d,g,sn|Oryza_brachyantha_1|taxid|4533|geneid|102723045|gi|573940485
d,g,sn|Oryza_sativa_Japonica_Group_1|taxid|39947|geneid|9266400|gi|297723359
d,g,sn|Musa_acuminata_subsp._malaccensis_1|taxid|214687|geneid|103971663|gi|695073680
d,r,sn|Musa_acuminata_subsp._malaccensis_2|taxid|214687|geneid|103972124|gi|695074779
d,r,sn|Musa_acuminata_subsp._malaccensis_2|taxid|214687|geneid|103972124|gi|695074781
d,g,sn|Phoenix_dactylifera_1|taxid|42345|geneid|103723575|gi|672185183
d,r,sn|Phoenix_dactylifera_2|taxid|42345|geneid|103716598|gi|672165905
d,r,sn|Phoenix_dactylifera_3|taxid|42345|geneid|103697227|gi|672198217
d,b,sn|Selaginella_moellendorffii_1|taxid|88036|geneid|9648250|gi|302797583
d,b,sn|Selaginella_moellendorffii_2|taxid|88036|geneid|9649941|gi|302790111
d,g,sn|Physcomitrella_patens_1|taxid|3218|geneid|5930918|gi|168030492
d,r,sn|Physcomitrella_patens_2|taxid|3218|geneid|5916174|gi|168000795
d,g,sn|Chlamydomonas_reinhardtii_1|taxid|3055|geneid|5719660|gi|159471966
d,g,sn|Volvox_carteri_f._nagariensis_1|taxid|3068|geneid|9619393|gi|302849672
d,g,sn|Chlorella_variabilis_1|taxid|554065|geneid|17358113|gi|552842440
d,g,sn|Coccomyxa_subellipsoidea_C-169_1|taxid|574566|geneid|17044682|gi|545373767
d,g,sn|Aphanomyces_astaci_2|taxid|112090|geneid|20808439|gi|698793846
d,g,sn|Aphanomyces_invadans_2|taxid|157072|geneid|20086411|gi|673039351
d,g,sn|Aphanomyces_invadans_2|taxid|157072|geneid|20086411|gi|673039353
d,g,sn|Aphanomyces_invadans_2|taxid|157072|geneid|20086411|gi|673039355
d,g,sn|Saprolegnia_diclina_VS20_2|taxid|1156394|geneid|19941780|gi|669138432
d,b,sn|Phytophthora_infestans_T30-4_2|taxid|403677|geneid|9477854|gi|301088975
d,b,sn|Phytophthora_infestans_T30-4_3|taxid|403677|geneid|9469964|gi|301091480
d,b,sn|Phytophthora_parasitica_INRA-310_3|taxid|761204|geneid|20177298|gi|675181929
d,b,sn|Phytophthora_sojae_2|taxid|67593|geneid|20663816|gi|695449236
d,b,sn|Phytophthora_sojae_4|taxid|67593|geneid|20662686|gi|695449212
d,b,sn|Phytophthora_sojae_5|taxid|67593|geneid|20651040|gi|695449232
d,b,sn|Phytophthora_parasitica_INRA-310_2|taxid|761204|geneid|20177293|gi|675181911
d,b,sn|Phytophthora_sojae_3|taxid|67593|geneid|20644222|gi|695449215
d,r,sn|Phytophthora_infestans_T30-4_4|taxid|403677|geneid|9476101|gi|301105258
d,r,sn|Phytophthora_infestans_T30-4_5|taxid|403677|geneid|9472347|gi|301113210
d,r,sn|Phytophthora_parasitica_INRA-310_4|taxid|761204|geneid|20186579|gi|675209275
d,r,sn|Phytophthora_sojae_6|taxid|67593|geneid|20653462|gi|695380131
d,x,sn|Beta_vulgaris_subsp._vulgaris_1|taxid|3555|geneid|104885999|gi|731380935
d,x,sn|Guillardia_theta_CCMP2712_1|taxid|905079|geneid|17311943|gi|551678998
d,g,sn|Dictyostelium_discoideum_AX4_1|taxid|352472|geneid|8617773|gi|66826891
d,g,sn|Dictyostelium_purpureum_1|taxid|5786|geneid|10510529|gi|330842178
d,r,sn|Dictyostelium_discoideum_AX4_2|taxid|352472|geneid|8620617|gi|66818707
d,r,sn|Dictyostelium_purpureum_2|taxid|5786|geneid|10501971|gi|330801045
d,b,sn|Dictyostelium_fasciculatum_1|taxid|261658|geneid|14873878|gi|470253444
d,b,sn|Dictyostelium_fasciculatum_2|taxid|261658|geneid|14873137|gi|470253630
d,g,sn|Entamoeba_dispar_SAW760_1|taxid|370354|geneid|5880024|gi|167379322
d,g,sn|Entamoeba_histolytica_HM-1_IMSS_1|taxid|294381|geneid|3403813|gi|67466749
d,g,sn|Entamoeba_nuttalli_P19_1|taxid|1076696|geneid|20073632|gi|672804836
d,x,sn|Aphanomyces_astaci_1|taxid|112090|geneid|20819947|gi|698824395
d,x,sn|Aphanomyces_astaci_1|taxid|112090|geneid|20819947|gi|698824399
d,x,sn|Aphanomyces_astaci_1|taxid|112090|geneid|20819947|gi|698824397
d,x,sn|Aphanomyces_invadans_1|taxid|157072|geneid|20080896|gi|673024326
d,x,sn|Saprolegnia_diclina_VS20_1|taxid|1156394|geneid|19951970|gi|669159868
d,x,sn|Phytophthora_infestans_T30-4_1|taxid|403677|geneid|9476087|gi|301105232
d,x,sn|Phytophthora_parasitica_INRA-310_1|taxid|761204|geneid|20186567|gi|675209243
d,x,sn|Phytophthora_sojae_1|taxid|67593|geneid|20644877|gi|695380077
d,x,sn|Nannochloropsis_gaditana_CCMP526_1|taxid|1093141|geneid|17362500|gi|553193197
d,x,sn|Ichthyophthirius_multifiliis_1|taxid|5932|geneid|14906818|gi|471226495
d,x,sn|Tetrahymena_thermophila_1|taxid|5911|geneid|7825922|gi|118363559
d,x,sn|Paramecium_tetraurelia_strain_d4-2_1|taxid|412030|geneid|5010368|gi|145477123
d,x,sn|Paramecium_tetraurelia_strain_d4-2_2|taxid|412030|geneid|5022441|gi|145501349
d,x,sn|Paramecium_tetraurelia_strain_d4-2_3|taxid|412030|geneid|5020854|gi|145498162
d,x,sn|Naegleria_gruberi_strain_NEG-M_1|taxid|744533|geneid|8862747|gi|290977501
